[
  {
    "model": "authentication.flatteruser",
    "pk": 1,
    "fields": {
      "username": "johndoe",
      "first_name": "John",
      "last_name": "Doe",
      "email": "johndoe@example.com",
      "profile_picture": "users/images/jhon.jpeg",
      "genre": "H",
      "biography": "Fotógrafo aficionado, apasionado por la tecnología y fanático del cine. Siempre en busca de nuevos paisajes para capturar, nuevas tecnologías para experimentar y nuevas películas para disfrutar. Viajero en constante búsqueda.",
      "flatter_coins": 100000,
      "roles": [1, 2],
      "tags": [1],
      "password": "pbkdf2_sha256$390000$oQTetoRDWmig7cqmVkjGWx$n3BfjyIv+5N0GpaJ5o/KQY4JpsFXd7wkVJMuVHAVNj0="
    }
  },
  {
    "model": "authentication.flatteruser",
    "pk": 2,
    "fields": {
      "username": "janedoe",
      "first_name": "Jane",
      "last_name": "Doe",
      "email": "janedoe@example.com",
      "profile_picture": "users/images/chica2.jpeg",
      "genre": "M",
      "biography": "Deportista y amante del fitness, apasionada por la salud y el bienestar. Siempre en busca del siguiente reto y compartiendo tips para llevar una vida saludable.",
      "flatter_coins": 15,
      "roles": [2],
      "tags": [2, 3],
      "password": "pbkdf2_sha256$390000$oQTetoRDWmig7cqmVkjGWx$n3BfjyIv+5N0GpaJ5o/KQY4JpsFXd7wkVJMuVHAVNj0="
    }
  },
  {
    "model": "authentication.flatteruser",
    "pk": 3,
    "fields": {
      "username": "marysmith",
      "first_name": "Mary",
      "last_name": "Smith",
      "email": "marysmith@example.com",
      "profile_picture": "users/images/chica.png",
      "genre": "NB",
      "biography": "Aprendiz de todo y especialista en nada. Amante de la lectura, escritura y música, mi hogar es el mundo y mi mayor sueño es recorrerlo.",
      "flatter_coins": 20,
      "roles": [2],
      "tags": [2],
      "password": "pbkdf2_sha256$390000$oQTetoRDWmig7cqmVkjGWx$n3BfjyIv+5N0GpaJ5o/KQY4JpsFXd7wkVJMuVHAVNj0="
    }
  },
  {
    "model": "authentication.flatteruser",
    "pk": 4,
    "fields": {
      "username": "peterparker",
      "first_name": "Peter",
      "last_name": "Parker",
      "email": "peterparker@example.com",
      "profile_picture": "users/images/peterParquer.jpeg",
      "genre": "H",
      "biography": "With great power comes great responsibility!",
      "flatter_coins": 8,
      "roles": [1, 2],
      "tags": [7, 3],
      "password": "pbkdf2_sha256$390000$oQTetoRDWmig7cqmVkjGWx$n3BfjyIv+5N0GpaJ5o/KQY4JpsFXd7wkVJMuVHAVNj0="
    }
  },
  {
    "model": "authentication.flatteruser",
    "pk": 5,
    "fields": {
      "username": "lisasimpson",
      "first_name": "Lisa",
      "last_name": "Simpson",
      "email": "lisasimpson@example.com",
      "profile_picture": "users/images/lisa.jpg",
      "genre": "M",
      "biography": "Gamer, bookworm y cinéfila. Siempre jugando los últimos videojuegos, leyendo las últimas novelas y viendo las últimas películas. Una verdadera amante del entretenimiento.",
      "flatter_coins": 25,
      "roles": [1],
      "tags": [1, 2],
      "password": "pbkdf2_sha256$390000$oQTetoRDWmig7cqmVkjGWx$n3BfjyIv+5N0GpaJ5o/KQY4JpsFXd7wkVJMuVHAVNj0="
    }
  },
  {
    "model": "authentication.flatteruser",
    "pk": 6,
    "fields": {
      "username": "profesores.propietarios",
      "first_name": "Profesores",
      "last_name": "Propietarios",
      "email": "profesores.ispp.propietarios@us.es",
      "profile_picture": "users/images/universidad-de-sevilla.png",
      "genre": "O",
      "biography": "Somos profesores de ISPP de la us. Únicamente con el rol de propietario.",
      "flatter_coins": 2500,
      "roles": [1],
      "tags": [20, 2, 13],
      "password": "pbkdf2_sha256$390000$BeRsXwzce8qEVIO7rNkD3U$0TbaQyqSZNYwACfh7cvIGO6hcVtDjGDxJgqnOGQZ/1c="
    }
  },
  {
    "model": "authentication.flatteruser",
    "pk": 7,
    "fields": {
      "username": "profesores.inquilinos",
      "first_name": "Profesores",
      "last_name": "Inquilinos",
      "email": "profesores.ispp.inquilinos@us.es",
      "profile_picture": "users/images/universidad-de-sevilla.png",
      "genre": "O",
      "biography": "Somos profesores de ISPP de la us. Únicamente con el rol de inquilino.",
      "flatter_coins": 2500,
      "roles": [2],
      "tags": [20, 2, 13],
      "password": "pbkdf2_sha256$390000$BeRsXwzce8qEVIO7rNkD3U$0TbaQyqSZNYwACfh7cvIGO6hcVtDjGDxJgqnOGQZ/1c="
    }
  },
  {
    "model": "authentication.flatteruser",
    "pk": 8,
    "fields": {
      "username": "profesores.full",
      "first_name": "Profesores",
      "last_name": "Completo",
      "email": "profesores.ispp.full@us.es",
      "profile_picture": "users/images/universidad-de-sevilla.png",
      "genre": "O",
      "biography": "Somos profesores de ISPP de la us. Con ambos roles.",
      "flatter_coins": 2500,
      "roles": [1, 2],
      "tags": [20, 2, 13],
      "password": "pbkdf2_sha256$390000$BeRsXwzce8qEVIO7rNkD3U$0TbaQyqSZNYwACfh7cvIGO6hcVtDjGDxJgqnOGQZ/1c="
    }
  },
  {
    "model": "authentication.flatteruser",
    "pk": 9,
    "fields": {
      "username": "homersimpson",
      "first_name": "Homer",
      "last_name": "Simpson",
      "email": "homersimpson@example.com",
      "profile_picture": "users/images/homer.jpeg",
      "genre": "H",
      "biography": "Me gustan las rosquillas",
      "flatter_coins": 200,
      "roles": [1],
      "tags": [34, 5],
      "password": "pbkdf2_sha256$390000$oQTetoRDWmig7cqmVkjGWx$n3BfjyIv+5N0GpaJ5o/KQY4JpsFXd7wkVJMuVHAVNj0="
    }
  },
  {
    "model": "authentication.flatteruser",
    "pk": 10,
    "fields": {
      "username": "bartsimpson",
      "first_name": "Bart",
      "last_name": "Simpson",
      "email": "bartskater@example.com",
      "profile_picture": "users/images/bart.jpeg",
      "genre": "H",
      "biography": "Skater profesional. Me acabo de sacar un backflip y voy a alquilar mi primer piso",
      "flatter_coins": 135,
      "roles": [1],
      "tags": [3, 4, 27],
      "password": "pbkdf2_sha256$390000$oQTetoRDWmig7cqmVkjGWx$n3BfjyIv+5N0GpaJ5o/KQY4JpsFXd7wkVJMuVHAVNj0="
    }
  },
  {
    "model": "authentication.flatteruser",
    "pk": 11,
    "fields": {
      "username": "petergrifin",
      "first_name": "Peter",
      "last_name": "Griffin",
      "email": "petercervecero@hotmail.nu",
      "profile_picture": "users/images/peter.jpeg",
      "genre": "H",
      "biography": "Donde estoy?",
      "flatter_coins": 230,
      "roles": [1],
      "tags": [1, 2, 9],
      "password": "pbkdf2_sha256$390000$oQTetoRDWmig7cqmVkjGWx$n3BfjyIv+5N0GpaJ5o/KQY4JpsFXd7wkVJMuVHAVNj0="
    }
  },
{
    "model": "authentication.contract",
    "pk": 1,
    "fields":{
      "initial_date": "2023-04-11",
      "end_date": null,
      "choices": null,
      "obsolete": false,
      "user_id": 1,
      "plan_id": 1 
    }
  },
  {
    "model": "authentication.contract",
    "pk": 2,
    "fields":{
      "initial_date": "2023-04-11",
      "end_date": null,
      "choices": null,
      "obsolete": false,
      "user_id": 2,
      "plan_id": 1 
    }
  },
  {
    "model": "authentication.contract",
    "pk": 3,
    "fields":{
      "initial_date": "2023-04-11",
      "end_date": null,
      "choices": null,
      "obsolete": false,
      "user_id": 3,
      "plan_id": 1 
    }
  },
  {
    "model": "authentication.contract",
    "pk": 4,
    "fields":{
      "initial_date": "2023-04-11",
      "end_date": null,
      "choices": null,
      "obsolete": false,
      "user_id": 4,
      "plan_id": 1 
    }
  },
  {
    "model": "authentication.contract",
    "pk": 5,
    "fields":{
      "initial_date": "2023-04-11",
      "end_date": null,
      "choices": null,
      "obsolete": false,
      "user_id": 5,
      "plan_id": 1 
    }
  },
  {
    "model": "authentication.contract",
    "pk": 6,
    "fields":{
      "initial_date": "2023-04-11",
      "end_date": null,
      "choices": null,
      "obsolete": false,
      "user_id": 6,
      "plan_id": 1 
    }
  },
  {
    "model": "authentication.contract",
    "pk": 7,
    "fields":{
      "initial_date": "2023-04-11",
      "end_date": null,
      "choices": null,
      "obsolete": false,
      "user_id": 7,
      "plan_id": 1 
    }
  },
  {
    "model": "authentication.contract",
    "pk": 8,
    "fields":{
      "initial_date": "2023-04-11",
      "end_date": null,
      "choices": null,
      "obsolete": false,
      "user_id": 8,
      "plan_id": 1 
    }
  },
  {
    "model": "authentication.contract",
    "pk": 9,
    "fields":{
      "initial_date": "2023-04-11",
      "end_date": null,
      "choices": null,
      "obsolete": false,
      "user_id": 9,
      "plan_id": 1 
    }
  },
  {
    "model": "authentication.contract",
    "pk": 10,
    "fields":{
      "initial_date": "2023-04-11",
      "end_date": null,
      "choices": null,
      "obsolete": false,
      "user_id": 10,
      "plan_id": 1 
    }
  },
  {
    "model": "authentication.contract",
    "pk": 11,
    "fields":{
      "initial_date": "2023-04-11",
      "end_date": null,
      "choices": null,
      "obsolete": false,
      "user_id": 11,
      "plan_id": 1 
    }
  },
  {
    "model": "mainApp.Image",
    "pk": 1,
    "fields": {
      "image": "properties/images/1.jpeg"
    }
  },
  {
    "model": "mainApp.Image",
    "pk": 2,
    "fields": {
      "image": "properties/images/2.jpeg"
    }
  },
  {
    "model": "mainApp.Image",
    "pk": 3,
    "fields": {
      "image": "properties/images/3.jpg"
    }
  },
  {
    "model": "mainApp.Image",
    "pk": 4,
    "fields": {
      "image": "properties/images/4.jpg"
    }
  },
  {
    "model": "mainApp.Image",
    "pk": 5,
    "fields": {
      "image": "properties/images/5.jpg"
    }
  },
  {
    "model": "mainApp.Image",
    "pk": 6,
    "fields": {
      "image": "properties/images/6.jpg"
    }
  },
  {
    "model": "mainApp.Image",
    "pk": 7,
    "fields": {
      "image": "properties/images/7.jpg"
    }
  },
  {
    "model": "mainApp.Image",
    "pk": 8,
    "fields": {
      "image": "properties/images/8.jpg"
    }
  },
  {
    "model": "mainApp.Image",
    "pk": 9,
    "fields": {
      "image": "properties/images/9.jpg"
    }
  },
  {
    "model": "mainApp.Image",
    "pk": 10,
    "fields": {
      "image": "properties/images/10.jpeg"
    }
  },
  {
    "model": "mainApp.Image",
    "pk": 11,
    "fields": {
      "image": "properties/images/11.jpg"
    }
  },
  {
    "model": "mainApp.Image",
    "pk": 12,
    "fields": {
      "image": "properties/images/12.jpg"
    }
  },
  {
    "model": "mainApp.Image",
    "pk": 13,
    "fields": {
      "image": "properties/images/13.jpg"
    }
  },
  {
    "model": "mainApp.Image",
    "pk": 14,
    "fields": {
      "image": "properties/images/14.jpg"
    }
  },
  {
    "model": "mainApp.Image",
    "pk": 15,
    "fields": {
      "image": "properties/images/15.jpg"
    }
  },
  {
    "model": "mainApp.Image",
    "pk": 16,
    "fields": {
      "image": "properties/images/16.jpg"
    }
  },
  {
    "model": "mainApp.Image",
    "pk": 17,
    "fields": {
      "image": "properties/images/17.jpg"
    }
  },
  {
    "model": "mainApp.Image",
    "pk": 18,
    "fields": {
      "image": "properties/images/18.jpeg"
    }
  },
  {
    "model": "mainApp.Image",
    "pk": 19,
    "fields": {
      "image": "properties/images/19.jpeg"
    }
  },
  {
    "model": "mainApp.Image",
    "pk": 20,
    "fields": {
      "image": "properties/images/20.jpg"
    }
  },
  {
    "model": "mainApp.Image",
    "pk": 21,
    "fields": {
      "image": "properties/images/21.jpeg"
    }
  },
  {
    "model": "mainApp.Image",
    "pk": 22,
    "fields": {
      "image": "properties/images/22.jpg"
    }
  },
  {
    "model": "mainApp.Image",
    "pk": 23,
    "fields": {
      "image": "properties/images/23.jpg"
    }
  },
  {
    "model": "mainApp.Image",
    "pk": 24,
    "fields": {
      "image": "properties/images/24.jpg"
    }
  },
  {
    "model": "mainApp.Image",
    "pk": 25,
    "fields": {
      "image": "properties/images/25.jpg"
    }
  },
  {
    "model": "mainApp.Image",
    "pk": 26,
    "fields": {
      "image": "properties/images/26.jpg"
    }
  },
  {
    "model": "mainApp.Image",
    "pk": 27,
    "fields": {
      "image": "properties/images/27.jpg"
    }
  },
  {
    "model": "mainApp.Image",
    "pk": 28,
    "fields": {
      "image": "properties/images/28.jpg"
    }
  },
  {
    "model": "mainApp.Image",
    "pk": 29,
    "fields": {
      "image": "properties/images/29.png"
    }
  },  
  {
    "model": "mainApp.Image",
    "pk": 30,
    "fields": {
      "image": "properties/images/default.png"
    }
  },
  {
    "model": "mainApp.property",
    "pk": 1,
    "fields": {
      "is_outstanding": false,
      "title": "Casa de playa",
      "description": "Una hermosa ubicada en primera linea de playa. Consta de 3 habitaciones, 2 baños, sala, comedor, cocina, terraza, estacionamiento para 2 autos, piscina y jardín.",
      "visits_counter": 10,
      "bedrooms_number": 3,
      "bathrooms_number": 2,
      "price": 150,
      "location": "Playa del Carmen",
      "province": 11,
      "municipality": 11007,
      "is_in_offer": false,
      "max_capacity": 4,
      "dimensions": 300,
      "tags": [78, 79],
      "images": [1, 2, 4, 27],
      "owner": 1,
      "flatmates": [2, 3]
    }
  },
  {
    "model": "mainApp.property",
    "pk": 2,
    "fields": {
      "is_outstanding": true,
      "outstanding_start_date": "2023-03-27 12:00:00",
      "title": "Casa con piscina",
      "description": "Esta hermosa casa cuenta con una impresionante piscina para disfrutar de los días soleados. Con amplios espacios interiores y exteriores, esta propiedad es ideal para aquellos que disfrutan del lujo y la comodidad. Disfruta de una tarde relajante al sol, organiza una fiesta con amigos o simplemente relájate en la tranquilidad de tu hogar.",
      "visits_counter": 50,
      "bedrooms_number": 4,
      "bathrooms_number": 3,
      "price": 300,
      "location": "C/ Nuestra Señora de los Remedios",
      "province": 29,
      "municipality": 29010,
      "is_in_offer": false,
      "max_capacity": 4,
      "dimensions": 500,
      "tags": [85, 86, 83],
      "images": [15, 5, 29],
      "owner": 1,
      "flatmates": [2, 3, 4]
    }
  },
  {
    "model": "mainApp.property",
    "pk": 3,
    "fields": {
      "is_outstanding": false,
      "title": "Apartamento en la ciudad",
      "description": "Vive la experiencia de vivir en el corazón de la ciudad con este hermoso apartamento. Con vistas impresionantes y ubicación privilegiada, este apartamento es ideal para aquellos que buscan vivir cerca de todo. Disfruta de una amplia variedad de restaurantes, tiendas y lugares de entretenimiento, todo a pocos pasos de tu hogar.",
      "visits_counter": 20,
      "bedrooms_number": 1,
      "bathrooms_number": 1,
      "price": 800,
      "location": "Triana",
      "province": 41,
      "municipality": 41091,
      "is_in_offer": true,
      "max_capacity": 4,
      "dimensions": 100,
      "tags": [81, 80, 84],
      "images": [8, 12, 28],
      "owner": 2,
      "flatmates": [1, 3, 4]
    }
  },
  {
    "model": "mainApp.property",
    "pk": 4,
    "fields": {
      "is_outstanding": true,
      "outstanding_start_date": "2023-03-27 12:00:00",
      "title": "Casa de campo",
      "description": "Esta hermosa casa de campo es ideal para aquellos que buscan vivir en un lugar tranquilo y alejado de la ciudad. Con amplios espacios interiores y exteriores, esta propiedad te ofrece todo lo que necesitas para disfrutar de la vida en el campo. Disfruta de tardes relajantes al sol, largos paseos por la naturaleza y noches tranquilas bajo las estrellas.",
      "visits_counter": 100,
      "bedrooms_number": 5,
      "bathrooms_number": 4,
      "price": 500,
      "location": "Av/ Constitución",
      "province": 41,
      "municipality": 41091,
      "is_in_offer": false,
      "max_capacity": 4,
      "dimensions": 800,
      "tags": [79, 86, 85],
      "images": [18, 17, 16],
      "owner": 2,
      "flatmates": [2, 3, 4]
    }
  },
  {
    "model": "mainApp.property",
    "pk": 5,
    "fields": {
      "is_outstanding": false,
      "title": "Apartamento en la playa",
      "description": "Este hermoso apartamento te permitirá disfrutar de la playa desde la comodidad de tu hogar. Con impresionantes vistas al mar, este apartamento cuenta con todo lo que necesitas para disfrutar de la vida en la playa. Disfruta de largas caminatas en la arena, cenas románticas con vistas al mar o simplemente relájate en la tranquilidad de tu hogar.",
      "visits_counter": 30,
      "bedrooms_number": 2,
      "bathrooms_number": 1,
      "price": 200,
      "location": "Av/ Reina Mercedes",
      "province": 41,
      "municipality": 41091,
      "is_in_offer": false,
      "max_capacity": 4,
      "dimensions": 150,
      "tags": [87, 79, 80],
      "images": [14, 6, 3, 26],
      "owner": 3,
      "flatmates": [2, 4]
    }
  },
  {
    "model": "mainApp.property",
    "pk": 6,
    "fields": {
      "is_outstanding": false,
      "title": "Ático en el centro de Cádiz",
      "description": "Si buscas un hogar con estilo y elegancia, este ático es ideal para ti. Con impresionantes vistas de la ciudad y una ubicación privilegiada en el centro de Cádiz, este hogar es el lugar perfecto para aquellos que buscan vivir en el centro de todo. Disfruta de amplios espacios interiores, acabados de alta calidad y una amplia variedad de comodidades.",
      "visits_counter": 45,
      "bedrooms_number": 5,
      "bathrooms_number": 4,
      "price": 120,
      "location": "Plaza España",
      "province": 11,
      "municipality": 11037,
      "is_in_offer": true,
      "max_capacity": 4,
      "dimensions": 198,
      "tags": [82, 83, 84],
      "images": [9, 10, 25],
      "owner": 4,
      "flatmates": [2, 3]
    }
  },
  {
    "model": "mainApp.property",
    "pk": 7,
    "fields": {
      "is_outstanding": true,
      "outstanding_start_date": "2023-03-27 12:00:00",
      "title": "Casa moderna",
      "description": "Esta hermosa casa moderna te ofrece todo lo que necesitas para disfrutar de la vida en un hogar moderno y elegante. Con acabados de alta calidad y amplios espacios interiores, esta propiedad es ideal para aquellos que buscan vivir en un hogar contemporáneo. Disfruta de amplias vistas, una amplia variedad de comodidades y la tranquilidad de tu hogar.",
      "visits_counter": 25,
      "bedrooms_number": 4,
      "bathrooms_number": 3,
      "price": 450,
      "location": "Maura Montaner",
      "province": 21,
      "municipality": 21025,
      "is_in_offer": false,
      "max_capacity": 4,
      "dimensions": 400,
      "tags": [85, 86, 87],
      "images": [11, 7, 24],
      "owner": 4,
      "flatmates": [2]
    }
  },
  {
    "model": "mainApp.property",
    "pk": 8,
    "fields": {
      "is_outstanding": false,
      "title": "Departamento en renta",
      "description": "Este hermoso departamento en renta te ofrece todo lo que necesitas para vivir cómodamente. Con amplios espacios interiores, acabados de alta calidad y una ubicación privilegiada, este hogar es ideal para aquellos que buscan vivir en una propiedad moderna y bien equipada. Disfruta de amplias vistas y una amplia variedad de comodidades.",
      "visits_counter": 15,
      "bedrooms_number": 2,
      "bathrooms_number": 1,
      "price": 200,
      "location": "Av. de la Esquila, 7",
      "province": 21,
      "municipality": 21049,
      "is_in_offer": true,
      "max_capacity": 4,
      "dimensions": 150,
      "tags": [80, 81, 82],
      "images": [13, 21, 22],
      "owner": 5,
      "flatmates": [2, 3, 4]
    }
  },
  {
    "model": "mainApp.property",
    "pk": 9,
    "fields": {
      "is_outstanding": true,
      "outstanding_start_date": "2023-03-27 12:00:00",
      "title": "Mansión con vista al mar",
      "description": "Si buscas un hogar de lujo con impresionantes vistas al mar, esta mansión es ideal para ti. Con amplios espacios interiores y exteriores, esta propiedad te ofrece todo lo que necesitas para disfrutar de la vida en un hogar de ensueño. Disfruta de impresionantes vistas del mar",
      "visits_counter": 50,
      "bedrooms_number": 5,
      "bathrooms_number": 4,
      "price": 800,
      "location": "Av. del Carnaval, 3",
      "province": 21,
      "municipality": 21042,
      "is_in_offer": false,
      "max_capacity": 4,
      "dimensions": 700,
      "tags": [83, 85],
      "images": [19, 20, 23],
      "owner": 5,
      "flatmates": [1, 2, 3, 4]
    }
  },
  {
    "model": "mainApp.review",
    "pk": 1,
    "fields": {
      "rating": 5,
      "text": "Excelente persona y cumple con lo que ofrece. El apartamento es fantástico.",
      "creation_date": "2023-03-16 14:30:00",
      "valued_user": 1,
      "evaluator_user": 2,
      "relationship": "I"
    }
  },
  {
    "model": "mainApp.review",
    "pk": 2,
    "fields": {
      "rating": 4,
      "text": "La cocina un poco perqueña pero por lo demás genial",
      "creation_date": "2023-02-13 20:20:00",
      "valued_user": 1,
      "evaluator_user": 3,
      "relationship": "I"
    }
  },
  {
    "model": "mainApp.review",
    "pk": 3,
    "fields": {
      "rating": 4,
      "text": "Excelente persona y excelente compañero de piso.",
      "creation_date": "2023-03-16 14:30:00",
      "valued_user": 3,
      "evaluator_user": 2,
      "relationship": "C"
    }
  },
  {
    "model": "mainApp.review",
    "pk": 4,
    "fields": {
      "rating": 2,
      "text": "Lo he tenido en otros pisos y huele mal.",
      "creation_date": "2022-01-26 13:10:00",
      "valued_user": 2,
      "evaluator_user": 3,
      "relationship": "C"
    }
  },
  {
    "model": "mainApp.review",
    "pk": 5,
    "fields": {
      "rating": 4,
      "text": "El mejor compañero que he tenido nunca.",
      "creation_date": "2023-02-22 21:00:00",
      "valued_user": 3,
      "evaluator_user": 4,
      "relationship": "E"
    }
  },
  {
    "model": "mainApp.review",
    "pk": 6,
    "fields": {
      "rating": 5,
      "text": "Es el mejor.",
      "creation_date": "2023-03-14 09:30:00",
      "valued_user": 3,
      "evaluator_user": 5,
      "relationship": "A"
    }
  },
  {
    "model": "mainApp.review",
    "pk": 7,
    "fields": {
      "rating": 1,
      "text": "Se ha peleado con su compañero de piso",
      "creation_date": "2023-03-16 14:30:00",
      "valued_user": 3,
      "evaluator_user": 1,
      "relationship": "P"
    }
  }
]
